{
  "name": "angular-svg-round-progressbar",
  "version": "0.3.10",
  "homepage": "https://github.com/crisbeto/angular-svg-round-progressbar",
  "authors": [
    "crisbeto"
  ],
  "description": "AngularJS module that uses SVG to create a circular progressar",
  "keywords": [
    "angular",
    "progress",
    "circle",
    "round",
    "svg"
  ],
  "license": "MIT",
  "ignore": [
    "**/.*",
    "bower_components"
  ],
  "dependencies": {
    "angular": ">=1.3.0"
  },
  "main": "build/roundProgress.min.js",
  "_release": "0.3.10",
  "_resolution": {
    "type": "version",
    "tag": "0.3.10",
    "commit": "add16783166c99cb9b83992762073c820af86056"
  },
  "_source": "git://github.com/crisbeto/angular-svg-round-progressbar.git",
  "_target": "^0.3.10",
  "_originalSource": "angular-svg-round-progressbar",
  "_direct": true
}